speaker,speaker_name,dialogue,node,file,text,context,note
narrator,Narrator,cin_intro_lines,n1,Audio/Voice/cin_intro_lines/n1.wav,"Before the collapse, Aether-9 never slept.",cinematic,
narrator,Narrator,cin_intro_lines,n2,Audio/Voice/cin_intro_lines/n2.wav,"Four thousand researchers, and one reactor that drew power from somewhere no one could name.",cinematic,
narrator,Narrator,cin_intro_lines,n3,Audio/Voice/cin_intro_lines/n3.wav,We called it the Aether. We thought we were listening to it.,cinematic,
narrator,Narrator,cin_intro_lines,n4,Audio/Voice/cin_intro_lines/n4.wav,"Then, one night, it answered.",cinematic,
kael,Kael Voss,cin_intro_lines,n5,Audio/Voice/cin_intro_lines/n5.wav,How long has it been?,cinematic,
lyra,Giva Vale,cin_intro_lines,n6,Audio/Voice/cin_intro_lines/n6.wav,Long enough for the city to forget us.,cinematic,
kael,Kael Voss,cin_intro_lines,n7,Audio/Voice/cin_intro_lines/n7.wav,The core shouldn't still be running.,cinematic,
lyra,Giva Vale,cin_intro_lines,n8,Audio/Voice/cin_intro_lines/n8.wav,It isn't running.,cinematic,
lyra,Giva Vale,cin_intro_lines,n9,Audio/Voice/cin_intro_lines/n9.wav,It's waiting.,cinematic,
kael,Kael Voss,dlg_m1_comms,k1,Audio/Voice/dlg_m1_comms/k1.wav,Giva? Your signal's faint. Where are you?,conversation,
lyra,Giva Vale,dlg_m1_comms,k2,Audio/Voice/dlg_m1_comms/k2.wav,"North-east side of the plaza. Someone pulled me out of the rain. There are survivors here, Kael.",conversation,
kael,Kael Voss,dlg_m1_comms,k3,Audio/Voice/dlg_m1_comms/k3.wav,Stay with them. I'll find you.,conversation,
lyra,Giva Vale,dlg_m1_comms,l1,Audio/Voice/dlg_m1_comms/l1.wav,"Kael? I can hear you on the link, but you're faint.",conversation,
kael,Kael Voss,dlg_m1_comms,l2,Audio/Voice/dlg_m1_comms/l2.wav,North-east corner of the plaza. There are people here. Survivors. They found me in the street.,conversation,
lyra,Giva Vale,dlg_m1_comms,l3,Audio/Voice/dlg_m1_comms/l3.wav,Don't move. I'm coming to you.,conversation,
kael,Kael Voss,dlg_m1_signal,n1,Audio/Voice/dlg_m1_signal/n1_kael.wav,The monument's still drawing power. That shouldn't be possible.,conversation,player is Kael
lyra,Giva Vale,dlg_m1_signal,n1,Audio/Voice/dlg_m1_signal/n1_lyra.wav,The monument's still drawing power. That shouldn't be possible.,conversation,player is Giva
lyra,Giva Vale,dlg_m1_signal,n2,Audio/Voice/dlg_m1_signal/n2_lyra.wav,"I'm reading it too. There's a pulse in it, repeating. It's a signal, and it's coming from under the city.",conversation,player is Kael
kael,Kael Voss,dlg_m1_signal,n2,Audio/Voice/dlg_m1_signal/n2_kael.wav,"I'm reading it too. There's a pulse in it, repeating. It's a signal, and it's coming from under the city.",conversation,player is Giva
kael,Kael Voss,dlg_m1_signal,n3,Audio/Voice/dlg_m1_signal/n3_kael.wav,"Movement. Security drones, three of them, coming in fast.",conversation,player is Kael
lyra,Giva Vale,dlg_m1_signal,n3,Audio/Voice/dlg_m1_signal/n3_lyra.wav,"Movement. Security drones, three of them, coming in fast.",conversation,player is Giva
lyra,Giva Vale,dlg_m1_signal,n4,Audio/Voice/dlg_m1_signal/n4_lyra.wav,They're not ours anymore. Be careful.,conversation,player is Kael
kael,Kael Voss,dlg_m1_signal,n4,Audio/Voice/dlg_m1_signal/n4_kael.wav,They're not ours anymore. Be careful.,conversation,player is Giva
kael,Kael Voss,dlg_m1_after_fight,n1,Audio/Voice/dlg_m1_after_fight/n1_kael.wav,One of them was carrying something. Concentrated Aether.,conversation,player is Kael
lyra,Giva Vale,dlg_m1_after_fight,n1,Audio/Voice/dlg_m1_after_fight/n1_lyra.wav,One of them was carrying something. Concentrated Aether.,conversation,player is Giva
lyra,Giva Vale,dlg_m1_after_fight,n2,Audio/Voice/dlg_m1_after_fight/n2_lyra.wav,"An Aether Shard. It'll hit harder for a while. Grab it, then come to the camp.",conversation,player is Kael
kael,Kael Voss,dlg_m1_after_fight,n2,Audio/Voice/dlg_m1_after_fight/n2_kael.wav,"An Aether Shard. It'll hit harder for a while. Grab it, then come to the camp.",conversation,player is Giva
lyra,Giva Vale,cin_meeting_lines,k1,Audio/Voice/cin_meeting_lines/k1.wav,You took your time.,cinematic,
kael,Kael Voss,cin_meeting_lines,k2,Audio/Voice/cin_meeting_lines/k2.wav,I stopped to argue with some drones.,cinematic,
lyra,Giva Vale,cin_meeting_lines,k3,Audio/Voice/cin_meeting_lines/k3.wav,Did you win?,cinematic,
kael,Kael Voss,cin_meeting_lines,k4,Audio/Voice/cin_meeting_lines/k4.wav,I'm here.,cinematic,
kael,Kael Voss,cin_meeting_lines,l1,Audio/Voice/cin_meeting_lines/l1.wav,You found me.,cinematic,
lyra,Giva Vale,cin_meeting_lines,l2,Audio/Voice/cin_meeting_lines/l2.wav,You weren't exactly hiding. Half the city heard those drones go down.,cinematic,
kael,Kael Voss,cin_meeting_lines,l3,Audio/Voice/cin_meeting_lines/l3.wav,Only half?,cinematic,
oren,Oren Hale,cin_meeting_lines,c1,Audio/Voice/cin_meeting_lines/c1.wav,"Seven years, by my count. That's how long it's been since the Core went quiet.",cinematic,
lyra,Giva Vale,cin_meeting_lines,c2,Audio/Voice/cin_meeting_lines/c2.wav,This is Oren. He's kept people alive out here.,cinematic,
oren,Oren Hale,cin_meeting_lines,c3,Audio/Voice/cin_meeting_lines/c3.wav,"Kept them hidden, mostly. Those drones used to protect us. Now they protect whatever's down there.",cinematic,
kael,Kael Voss,cin_meeting_lines,c4,Audio/Voice/cin_meeting_lines/c4.wav,The monument's broadcasting. Something under the city is calling.,cinematic,
oren,Oren Hale,cin_meeting_lines,c5,Audio/Voice/cin_meeting_lines/c5.wav,The old Line B transit tunnels. Nobody who's gone down there has come back.,cinematic,
lyra,Giva Vale,cin_meeting_lines,c6,Audio/Voice/cin_meeting_lines/c6.wav,Then we'll be the first.,cinematic,
maren,Dr. Ilse Maren,dlg_maren_message,n1,Audio/Voice/dlg_maren_message/n1.wav,"If this reaches anyone, then the Core kept its promise. Kael. Giva. I'm sorry.",conversation,
maren,Dr. Ilse Maren,dlg_maren_message,n2,Audio/Voice/dlg_maren_message/n2.wav,I put you to sleep because you were the only two it would listen to. The resonance keys.,conversation,
maren,Dr. Ilse Maren,dlg_maren_message,n3,Audio/Voice/dlg_maren_message/n3.wav,Everything you need is in my lab. Follow the spur line to the facility. My access code is attached.,conversation,
maren,Dr. Ilse Maren,dlg_maren_message,n4,Audio/Voice/dlg_maren_message/n4.wav,And don't trust the Guardian. It remembers what I built it to protect. Not why.,conversation,
kael,Kael Voss,dlg_maren_message,n5,Audio/Voice/dlg_maren_message/n5_kael.wav,My interface just recalibrated. It's pulling Aether through the transmitter.,conversation,player is Kael
lyra,Giva Vale,dlg_maren_message,n5,Audio/Voice/dlg_maren_message/n5_lyra.wav,My interface just recalibrated. It's pulling Aether through the transmitter.,conversation,player is Giva
lyra,Giva Vale,dlg_maren_message,n6,Audio/Voice/dlg_maren_message/n6_lyra.wav,Same here. Phasing is online. We can move faster than they can track us now.,conversation,player is Kael
kael,Kael Voss,dlg_maren_message,n6,Audio/Voice/dlg_maren_message/n6_kael.wav,Same here. Phasing is online. We can move faster than they can track us now.,conversation,player is Giva
lyra,Giva Vale,dlg_echo_unlocked,n1,Audio/Voice/dlg_echo_unlocked/n1.wav,Her research data is talking to my harness. It's tuning itself.,conversation,
lyra,Giva Vale,dlg_echo_unlocked,n2,Audio/Voice/dlg_echo_unlocked/n2.wav,I can see traces. Echoes of where people were standing when it happened.,conversation,
kael,Kael Voss,dlg_echo_unlocked,n3,Audio/Voice/dlg_echo_unlocked/n3.wav,Maren's private office isn't on any of these floor plans.,conversation,
lyra,Giva Vale,dlg_echo_unlocked,n4,Audio/Voice/dlg_echo_unlocked/n4.wav,Then it's hidden. Let me look.,conversation,
maren,Dr. Ilse Maren,dlg_truth,n1,Audio/Voice/dlg_truth/n1.wav,Final entry. The cascade projection was right. In nine minutes the Core will tear itself open and take every one of us with it.,conversation,
maren,Dr. Ilse Maren,dlg_truth,n2,Audio/Voice/dlg_truth/n2.wav,So I'm asking it to hold us. Not our bodies. Our echoes. Everything that makes us who we are.,conversation,
maren,Dr. Ilse Maren,dlg_truth,n3,Audio/Voice/dlg_truth/n3.wav,"It said yes. Four thousand people, folded into the Aether. I don't know if it's mercy or a cage.",conversation,
maren,Dr. Ilse Maren,dlg_truth,n4,Audio/Voice/dlg_truth/n4.wav,The Guardian will keep them in. Only a resonance key can tell the Core to let go. That's why I kept you asleep.,conversation,
lyra,Giva Vale,dlg_truth,n5,Audio/Voice/dlg_truth/n5.wav,The Echo Collapse wasn't an accident. It was a rescue.,conversation,
kael,Kael Voss,dlg_truth,n6,Audio/Voice/dlg_truth/n6.wav,A rescue that never finished.,conversation,
lyra,Giva Vale,dlg_truth,n7,Audio/Voice/dlg_truth/n7.wav,Her clearance chip is somewhere in this wing. The Vault is the only way down to the Core.,conversation,
lyra,Giva Vale,dlg_truth,n8,Audio/Voice/dlg_truth/n8.wav,She did. Now it's our turn to choose. Her clearance chip is somewhere in this wing.,conversation,
kael,Kael Voss,dlg_attuned,n1,Audio/Voice/dlg_attuned/n1_kael.wav,The Core's resonance. I can feel it in the interface.,conversation,player is Kael
lyra,Giva Vale,dlg_attuned,n1,Audio/Voice/dlg_attuned/n1_lyra.wav,The Core's resonance. I can feel it in the interface.,conversation,player is Giva
lyra,Giva Vale,dlg_attuned,n2,Audio/Voice/dlg_attuned/n2_lyra.wav,"We're attuned. Whatever's guarding the Core, we can hit it with the same power it's made of.",conversation,player is Kael
kael,Kael Voss,dlg_attuned,n2,Audio/Voice/dlg_attuned/n2_kael.wav,"We're attuned. Whatever's guarding the Core, we can hit it with the same power it's made of.",conversation,player is Giva
lyra,Giva Vale,cin_guardian_lines,n1,Audio/Voice/cin_guardian_lines/n1.wav,Kael. That's not a sentinel.,cinematic,
kael,Kael Voss,cin_guardian_lines,n2,Audio/Voice/cin_guardian_lines/n2.wav,It's the thing Maren warned us about.,cinematic,
guardian,Aether Guardian,cin_guardian_lines,n3,Audio/Voice/cin_guardian_lines/n3.wav,Echoes detected. Containment is protection. Return to stasis.,cinematic,
kael,Kael Voss,cin_guardian_lines,n4,Audio/Voice/cin_guardian_lines/n4.wav,Not a chance.,cinematic,
lyra,Giva Vale,cin_guardian_lines,n5,Audio/Voice/cin_guardian_lines/n5.wav,The blast door's cycling. We just have to stay alive until it opens!,cinematic,
maren,Dr. Ilse Maren,dlg_final_truth,n1,Audio/Voice/dlg_final_truth/n1.wav,"You came. Both of you. I'm not a recording this time, Giva. I'm one of them.",conversation,
lyra,Giva Vale,dlg_final_truth,n2,Audio/Voice/dlg_final_truth/n2.wav,Ilse?,conversation,
maren,Dr. Ilse Maren,dlg_final_truth,n3,Audio/Voice/dlg_final_truth/n3.wav,"Four thousand of us, all holding our breath. The Core doesn't know how to let go on its own. It was built to keep.",conversation,
maren,Dr. Ilse Maren,dlg_final_truth,n4,Audio/Voice/dlg_final_truth/n4.wav,"The Guardian won't let you near the heart. It thinks it's protecting us. It is me, in a way. The part of me that was afraid.",conversation,
kael,Kael Voss,dlg_final_truth,n5,Audio/Voice/dlg_final_truth/n5.wav,Then we'll get past it.,conversation,
maren,Dr. Ilse Maren,dlg_final_truth,n6,Audio/Voice/dlg_final_truth/n6.wav,It's coming. Hold on.,conversation,
guardian,Aether Guardian,dlg_boss_intro,n1,Audio/Voice/dlg_boss_intro/n1.wav,Resonance keys. You will not open the heart.,conversation,
kael,Kael Voss,dlg_boss_intro,n2,Audio/Voice/dlg_boss_intro/n2_kael.wav,"Watch its core. When the plates open, that's our window.",conversation,player is Kael
lyra,Giva Vale,dlg_boss_intro,n2,Audio/Voice/dlg_boss_intro/n2_lyra.wav,"Watch its core. When the plates open, that's our window.",conversation,player is Giva
lyra,Giva Vale,dlg_boss_intro,n3,Audio/Voice/dlg_boss_intro/n3_lyra.wav,Go!,conversation,player is Kael
kael,Kael Voss,dlg_boss_intro,n3,Audio/Voice/dlg_boss_intro/n3_kael.wav,Go!,conversation,player is Giva
maren,Dr. Ilse Maren,cin_ending_lines,n1,Audio/Voice/cin_ending_lines/n1.wav,Thank you. Both of you. We can go now.,cinematic,
lyra,Giva Vale,cin_ending_lines,n2,Audio/Voice/cin_ending_lines/n2.wav,Where will they go?,cinematic,
kael,Kael Voss,cin_ending_lines,n3,Audio/Voice/cin_ending_lines/n3.wav,I don't know. Somewhere they're not waiting anymore.,cinematic,
narrator,Narrator,cin_ending_lines,n4,Audio/Voice/cin_ending_lines/n4.wav,For seven years the city held its breath.,cinematic,
narrator,Narrator,cin_ending_lines,n5,Audio/Voice/cin_ending_lines/n5.wav,"That morning, for the first time since the collapse, the rain stopped over Aether-9.",cinematic,
lyra,Giva Vale,cin_ending_lines,n6,Audio/Voice/cin_ending_lines/n6.wav,What now?,cinematic,
kael,Kael Voss,cin_ending_lines,n7,Audio/Voice/cin_ending_lines/n7.wav,Now we wake the rest of the city.,cinematic,
lyra,Giva Vale,dlg_relay_active,n1,Audio/Voice/dlg_relay_active/n1.wav,"The relay's live, but the signal is bouncing off something beneath this roof.",conversation,
kael,Kael Voss,dlg_relay_active,n2,Audio/Voice/dlg_relay_active/n2.wav,A room that isn't on the plans. Again.,conversation,
lyra,Giva Vale,dlg_relay_active,n3,Audio/Voice/dlg_relay_active/n3.wav,Echo Sight should pick it up.,conversation,
bolt,BOLT,dlg_bolt_repaired,n1,Audio/Voice/dlg_bolt_repaired/n1.wav,"Systems nominal. Hello, Oren.",conversation,
oren,Oren Hale,dlg_bolt_repaired,n2,Audio/Voice/dlg_bolt_repaired/n2.wav,"Hello, old friend. You've been asleep a long time.",conversation,
bolt,BOLT,dlg_bolt_repaired,n3,Audio/Voice/dlg_bolt_repaired/n3.wav,Shield emitter calibrated for new users. Please hold still.,conversation,
oren,Oren Hale,dlg_bolt_repaired,n4,Audio/Voice/dlg_bolt_repaired/n4.wav,That's his way of saying thank you. Your shields will hold a lot longer now.,conversation,
maren,Dr. Ilse Maren,cin_hidden_vault_lines,n1,Audio/Voice/cin_hidden_vault_lines/n1.wav,You found my last room. I built it in case I was wrong about everything.,cinematic,
maren,Dr. Ilse Maren,cin_hidden_vault_lines,n2,Audio/Voice/cin_hidden_vault_lines/n2.wav,The Resonant Core will keep the Guardian's pull off you. Take it. And tell Nia I'm sorry I was late.,cinematic,
lyra,Giva Vale,cin_hidden_vault_lines,n3,Audio/Voice/cin_hidden_vault_lines/n3.wav,We'll tell her.,cinematic,
oren,Oren Hale,dlg_oren,early,Audio/Voice/dlg_oren/early.wav,Keep your voice down. The drones hunt by sound when they can't see.,conversation,
oren,Oren Hale,dlg_oren,offer,Audio/Voice/dlg_oren/offer.wav,That heap by the generator is BOLT. Kept the camp lights on for years before his actuator burned out.,conversation,
oren,Oren Hale,dlg_oren,offer2,Audio/Voice/dlg_oren/offer2.wav,"Bring me a servo actuator, a maintenance power cell and a control component, and I'll have him walking again.",conversation,
oren,Oren Hale,dlg_oren,where,Audio/Voice/dlg_oren/where.wav,"Metro maintenance bay for the actuator. The market stalls hid cells under the counters. Control boards, try the rooftop sheds.",conversation,
oren,Oren Hale,dlg_oren,accepted,Audio/Voice/dlg_oren/accepted.wav,"Good. He'd do the same for you, if he could.",conversation,
oren,Oren Hale,dlg_oren,later,Audio/Voice/dlg_oren/later.wav,He's not going anywhere. Neither am I.,conversation,
oren,Oren Hale,dlg_oren,progress,Audio/Voice/dlg_oren/progress.wav,"Actuator from the metro, power cell from the market, control board from the rooftops. BOLT's patient. I'm less so.",conversation,
oren,Oren Hale,dlg_oren,ready,Audio/Voice/dlg_oren/ready.wav,"That's all of it. Go on, you do the honours. He'll want to see a new face when he wakes.",conversation,
oren,Oren Hale,dlg_oren,after,Audio/Voice/dlg_oren/after.wav,BOLT's been walking the perimeter all night. First time I've slept in years.,conversation,
mira,Mira Sato,dlg_mira,early,Audio/Voice/dlg_mira/early.wav,Shh. I'm listening. There's always something on the band if you're patient.,conversation,
mira,Mira Sato,dlg_mira,offer,Audio/Voice/dlg_mira/offer.wav,"You two are from before, aren't you? Then maybe you can tell me what this is.",conversation,
lyra,Giva Vale,dlg_mira,o2,Audio/Voice/dlg_mira/o2.wav,There's still a transmitter active.,conversation,
kael,Kael Voss,dlg_mira,o3,Audio/Voice/dlg_mira/o3.wav,After all this time?,conversation,
lyra,Giva Vale,dlg_mira,o4,Audio/Voice/dlg_mira/o4.wav,Someone wanted to be heard.,conversation,
kael,Kael Voss,dlg_mira,o5,Audio/Voice/dlg_mira/o5.wav,Then let's listen.,conversation,
mira,Mira Sato,dlg_mira,o6,Audio/Voice/dlg_mira/o6.wav,It's the old relay tower above the market. There's a ladder behind the noodle stalls. Will you go?,conversation,
mira,Mira Sato,dlg_mira,who,Audio/Voice/dlg_mira/who.wav,My sister ran that relay. Anya. She never came home. I know it's stupid to hope.,conversation,
mira,Mira Sato,dlg_mira,yes,Audio/Voice/dlg_mira/yes.wav,"Thank you. The signal's weak, so you might need to power the relay to trace it properly.",conversation,
mira,Mira Sato,dlg_mira,no,Audio/Voice/dlg_mira/no.wav,It's been broadcasting for seven years. I suppose it can wait a little longer.,conversation,
mira,Mira Sato,dlg_mira,progress,Audio/Voice/dlg_mira/progress.wav,"Still there. Still repeating. The relay tower's above the market, past the noodle stalls.",conversation,
anya,Anya Sato,dlg_mira,turnin,Audio/Voice/dlg_mira/turnin.wav,"Relay Tower Three, this is Anya Sato. If anyone's out there: the Core isn't killing us. It's keeping us.",conversation,
anya,Anya Sato,dlg_mira,t2,Audio/Voice/dlg_mira/t2.wav,Tell Mira I'm still... I'm still listening.,conversation,
mira,Mira Sato,dlg_mira,t3,Audio/Voice/dlg_mira/t3.wav,That's her. That's my sister. She stayed on the air until the very end.,conversation,
mira,Mira Sato,dlg_mira,t4,Audio/Voice/dlg_mira/t4.wav,Take this. It's her relay tuner. She'd want it on someone who can actually see what she was looking for.,conversation,
mira,Mira Sato,dlg_mira,after,Audio/Voice/dlg_mira/after.wav,I play her message every night now. It's easier to sleep when someone says goodnight.,conversation,
tomas,Tomas Reyes,dlg_tomas,early,Audio/Voice/dlg_tomas/early.wav,"Market's closed, friend. Has been for seven years.",conversation,
tomas,Tomas Reyes,dlg_tomas,offer,Audio/Voice/dlg_tomas/offer.wav,"I trade in memories. People left pieces of themselves all over this city, on little blue recording cores.",conversation,
tomas,Tomas Reyes,dlg_tomas,o2,Audio/Voice/dlg_tomas/o2.wav,"Three of them I've been hunting for years: Market Day, Last Train, and a lullaby someone recorded in the research labs. Find them?",conversation,
tomas,Tomas Reyes,dlg_tomas,why,Audio/Voice/dlg_tomas/why.wav,Because the camp is forgetting what the city sounded like when it was alive. Somebody has to remember for them.,conversation,
tomas,Tomas Reyes,dlg_tomas,yes,Audio/Voice/dlg_tomas/yes.wav,"Look for the blue glow. If Echo Sight is the trick I think it is, some of them will be hiding.",conversation,
tomas,Tomas Reyes,dlg_tomas,progress,Audio/Voice/dlg_tomas/progress.wav,"Market Day, Last Train, Lullaby. The market, the metro and the labs. Three little blue lights.",conversation,
tomas,Tomas Reyes,dlg_tomas,turnin,Audio/Voice/dlg_tomas/turnin.wav,You found them. All three.,conversation,
vendor,Stall Keeper,dlg_tomas,t2,Audio/Voice/dlg_tomas/t2.wav,"Real oranges, from the greenhouse decks! Two credits, and I'm robbing myself!",conversation,
tomas,Tomas Reyes,dlg_tomas,t3,Audio/Voice/dlg_tomas/t3.wav,"I'll play these for the camp tonight. Here, an Aether core. Fair trade for three lifetimes.",conversation,
tomas,Tomas Reyes,dlg_tomas,stay,Audio/Voice/dlg_tomas/stay.wav,I'd like that. Come back when this is over. There'll be music.,conversation,
tomas,Tomas Reyes,dlg_tomas,go,Audio/Voice/dlg_tomas/go.wav,Always.,conversation,
tomas,Tomas Reyes,dlg_tomas,after,Audio/Voice/dlg_tomas/after.wav,The kids asked me to play the lullaby three times last night. I didn't mind.,conversation,
nia,Nia,dlg_nia,offer,Audio/Voice/dlg_nia/offer.wav,You can see me? Everyone stopped seeing me.,conversation,
lyra,Giva Vale,dlg_nia,o2,Audio/Voice/dlg_nia/o2.wav,We see you. What's your name?,conversation,
nia,Nia,dlg_nia,o3,Audio/Voice/dlg_nia/o3.wav,Nia. My mom worked under the Vault. She said the walls down there sing when nobody's listening.,conversation,
nia,Nia,dlg_nia,o4,Audio/Voice/dlg_nia/o4.wav,There's one wall that sings the loudest. She said it was a door. Will you find it for me?,conversation,
nia,Nia,dlg_nia,progress,Audio/Voice/dlg_nia/progress.wav,Under the Vault. Listen for the loudest wall.,conversation,
nia,Nia,dlg_nia,after,Audio/Voice/dlg_nia/after.wav,She said she's sorry she was late? That's okay. She's always late.,conversation,
bolt,BOLT,dlg_bolt,on,Audio/Voice/dlg_bolt/on.wav,Perimeter secure. Camp morale estimated at forty-one percent. Improving.,conversation,
pa,Transit PA,lore_rec_01,n1,Audio/Voice/lore_rec_01/n1.wav,"Good morning, Aether-9. Line B is running on schedule. Today's resonance index is green.",conversation,
pa,Transit PA,lore_rec_01,n2,Audio/Voice/lore_rec_01/n2.wav,"Remember, the Core does not sleep, so you can. Have a wonderful shift.",conversation,
vendor,Stall Keeper,lore_rec_02,n1,Audio/Voice/lore_rec_02/n1.wav,"Real oranges, from the greenhouse decks! Two credits, and I'm robbing myself!",conversation,
vendor,Stall Keeper,lore_rec_02,n2,Audio/Voice/lore_rec_02/n2.wav,"No, no, the lights always flicker on Thursdays. It's the reactor breathing, that's all.",conversation,
pa,Transit PA,lore_rec_03,n1,Audio/Voice/lore_rec_03/n1.wav,"This is the final Line B service of the evening. All passengers, please remain calm.",conversation,
pa,Transit PA,lore_rec_03,n2,Audio/Voice/lore_rec_03/n2.wav,The tunnel lighting is not malfunctioning. Please remain on the train. Please remain...,conversation,
researcher,Lab 7 Researcher,lore_rec_04,n1,Audio/Voice/lore_rec_04/n1.wav,"Lab seven, day three-forty. Resonance drift is up four percent. Maren says that's within tolerance.",conversation,
researcher,Lab 7 Researcher,lore_rec_04,n2,Audio/Voice/lore_rec_04/n2.wav,I don't think tolerance means what it used to mean around here.,conversation,
parent,Unknown Parent,lore_rec_05,n1,Audio/Voice/lore_rec_05/n1.wav,"Hush now, the lights went out, that's all. Close your eyes and count the stars we can't see.",conversation,
parent,Unknown Parent,lore_rec_05,n2,Audio/Voice/lore_rec_05/n2.wav,"One for the Core, two for the city, three for you and me.",conversation,
tech,Vault Technician,lore_rec_06,n1,Audio/Voice/lore_rec_06/n1.wav,"Vault watch, end of shift. The Guardian rotated its head toward the lift twice tonight. That's new.",conversation,
tech,Vault Technician,lore_rec_06,n2,Audio/Voice/lore_rec_06/n2.wav,Maren says it's learning. I asked her what it's learning. She didn't answer.,conversation,
maren,Dr. Ilse Maren,lore_log_echo,n1,Audio/Voice/lore_log_echo/n1.wav,"Project Echo, proposal. Aether resonance preserves information. Every pattern that enters the Core is retained, perfectly.",conversation,
maren,Dr. Ilse Maren,lore_log_echo,n2,Audio/Voice/lore_log_echo/n2.wav,"If a pattern can be retained, a mind can be retained. I am requesting authorisation for a controlled trial.",conversation,
maren,Dr. Ilse Maren,lore_log_keys,n1,Audio/Voice/lore_log_keys/n1.wav,Two staff members show resonance compatibility above ninety percent. Survey lead Voss. Systems engineer Vale.,conversation,
maren,Dr. Ilse Maren,lore_log_keys,n2,Audio/Voice/lore_log_keys/n2.wav,"The Core responds to them the way it responds to nothing else. If anyone can speak to it, they can.",conversation,
maren,Dr. Ilse Maren,lore_log_cascade,n1,Audio/Voice/lore_log_cascade/n1.wav,"Cascade projection, revision nine. Containment failure is no longer a risk. It is a certainty.",conversation,
maren,Dr. Ilse Maren,lore_log_cascade,n2,Audio/Voice/lore_log_cascade/n2.wav,Estimated time to cascade: eleven hours. Evacuation is impossible. There is nowhere to go.,conversation,
maren,Dr. Ilse Maren,lore_log_final,n1,Audio/Voice/lore_log_final/n1.wav,"If you're reading this, you found the office. Good. Then you know what I did, and you know what's left to do.",conversation,
maren,Dr. Ilse Maren,lore_hidden_vault,n1,Audio/Voice/lore_hidden_vault/n1.wav,"My testament. I chose for four thousand people because there was no time to ask them. Whoever releases them, ask them for me. Ask if I chose right.",conversation,
